{
    "function": "bin.model.main",
    "gpus": [
        "NVIDIA GeForce RTX 2080 Ti",
        "NVIDIA GeForce RTX 2080 Ti"
    ],
    "config": {
        "seed": 0,
        "batch_size": 256,
        "patience": 16,
        "n_epochs": -1,
        "gradient_clipping_norm": 1.0,
        "amp": true,
        "data": {
            "cache": true,
            "path": "data/house",
            "num_policy": "noisy-quantile"
        },
        "optimizer": {
            "type": "AdamW",
            "lr": 0.0003938123210569871,
            "weight_decay": 0.0380079611703752
        },
        "model": {
            "arch_type": "plain",
            "backbone": {
                "type": "MLP",
                "n_blocks": 2,
                "d_block": 800,
                "dropout": 0.43046828580105934
            },
            "num_embeddings": {
                "type": "PeriodicEmbeddings",
                "n_frequencies": 28,
                "d_embedding": 24,
                "frequency_init_scale": 0.011960694327801545,
                "lite": false
            }
        }
    },
    "n_parameters": 971937,
    "prediction_type": "labels",
    "epoch_size": 57,
    "best_step": 1938,
    "metrics": {
        "train": {
            "rmse": 23638.46763223031,
            "mae": 13601.0166015625,
            "r2": 0.7942290741602376,
            "score": -23638.46763223031
        },
        "val": {
            "rmse": 27968.540040552703,
            "mae": 15283.236328125,
            "r2": 0.7375019124915978,
            "score": -27968.540040552703
        },
        "test": {
            "rmse": 30728.156208923436,
            "mae": 15664.5107421875,
            "r2": 0.6729299180660603,
            "score": -30728.156208923436
        }
    },
    "time": "0:00:06.544273",
    "chunk_size": null,
    "eval_batch_size": 32768
}