{
    "function": "bin.model.main",
    "gpus": [
        "NVIDIA GeForce RTX 2080 Ti",
        "NVIDIA GeForce RTX 2080 Ti"
    ],
    "config": {
        "seed": 0,
        "batch_size": 256,
        "patience": 16,
        "n_epochs": 10,
        "gradient_clipping_norm": 1.0,
        "amp": true,
        "data": {
            "cache": true,
            "path": "data/adult",
            "num_policy": "noisy-quantile",
            "cat_policy": "ordinal"
        },
        "optimizer": {
            "type": "AdamW",
            "lr": 3.2226814035964625e-05,
            "weight_decay": 0.0
        },
        "model": {
            "arch_type": "plain",
            "backbone": {
                "type": "MLP",
                "n_blocks": 3,
                "d_block": 112,
                "dropout": 0.19896995164451625
            },
            "num_embeddings": {
                "type": "PeriodicEmbeddings",
                "n_frequencies": 64,
                "d_embedding": 16,
                "frequency_init_scale": 7.953324659578985,
                "lite": false
            }
        }
    },
    "n_parameters": 60594,
    "prediction_type": "probs",
    "epoch_size": 102,
    "best_step": 1020,
    "metrics": {
        "train": {
            "0": {
                "precision": 0.8886591990769674,
                "recall": 0.9347661188369153,
                "f1-score": 0.9111297318611988,
                "support": 19775.0
            },
            "1": {
                "precision": 0.7541452258433391,
                "recall": 0.6307986609277858,
                "f1-score": 0.6869791666666668,
                "support": 6273.0
            },
            "accuracy": 0.8615632678132679,
            "macro avg": {
                "precision": 0.8214022124601532,
                "recall": 0.7827823898823505,
                "f1-score": 0.7990544492639329,
                "support": 26048.0
            },
            "weighted avg": {
                "precision": 0.8562649210481532,
                "recall": 0.8615632678132679,
                "f1-score": 0.8571487546089991,
                "support": 26048.0
            },
            "cross-entropy": 0.30605254199200144,
            "roc-auc": 0.9169898727171997,
            "score": 0.8615632678132679
        },
        "val": {
            "0": {
                "precision": 0.8856923667050249,
                "recall": 0.9338725985844287,
                "f1-score": 0.90914460084654,
                "support": 4945.0
            },
            "1": {
                "precision": 0.7482678983833718,
                "recall": 0.6198979591836735,
                "f1-score": 0.6780606906173702,
                "support": 1568.0
            },
            "accuracy": 0.8582834331337326,
            "macro avg": {
                "precision": 0.8169801325441983,
                "recall": 0.7768852788840511,
                "f1-score": 0.7936026457319552,
                "support": 6513.0
            },
            "weighted avg": {
                "precision": 0.8526075261817097,
                "recall": 0.8582834331337326,
                "f1-score": 0.8535113179908147,
                "support": 6513.0
            },
            "cross-entropy": 0.3127169162864601,
            "roc-auc": 0.9128943893027384,
            "score": 0.8582834331337326
        },
        "test": {
            "0": {
                "precision": 0.8898018737521118,
                "recall": 0.931805388017692,
                "f1-score": 0.9103193620615154,
                "support": 12435.0
            },
            "1": {
                "precision": 0.739797483890764,
                "recall": 0.6268850754030161,
                "f1-score": 0.6786769880365939,
                "support": 3846.0
            },
            "accuracy": 0.8597751980836558,
            "macro avg": {
                "precision": 0.814799678821438,
                "recall": 0.779345231710354,
                "f1-score": 0.7944981750490547,
                "support": 16281.0
            },
            "weighted avg": {
                "precision": 0.8543668953474227,
                "recall": 0.8597751980836558,
                "f1-score": 0.8555993466754919,
                "support": 16281.0
            },
            "cross-entropy": 0.30823206346086046,
            "roc-auc": 0.9140279636115078,
            "score": 0.8597751980836558
        }
    },
    "time": "0:00:04.671223",
    "chunk_size": null,
    "eval_batch_size": 32768
}